Ubigeo,DEPARTAMENTO,Distrito,numero de victimizacion,poblacion2016,victimas en su distrito,victimas en su barrio ,vigilancia zona ,vigilanca policia nacional,presencia de policia nacional ,confianza segurirdad municipal,confianza en poder judicial,confianza en ministerio publico
10101,AMAZONAS,CHACHAPOYAS,4313,28937,867,401,4228,1596,1306,4229,4115,4121
10109,AMAZONAS,LA JALCA,213,5503,25,9,213,60,69,209,191,195
10201,AMAZONAS,BAGUA,2114,26005,432,175,2078,583,613,2067,1968,1973
10202,AMAZONAS,ARAMANGO,246,10969,34,18,245,114,56,243,227,227
10205,AMAZONAS,IMAZA,123,24201,26,13,123,32,46,122,112,112
10206,AMAZONAS,LA PECA,111,8019,12,12,108,34,77,109,95,100
10306,AMAZONAS,FLORIDA,179,8576,33,23,177,57,66,179,171,173
10307,AMAZONAS,JAZAN,619,9297,110,48,609,169,204,599,549,555
10312,AMAZONAS,YAMBRASBAMBA,165,8385,23,4,163,58,43,160,154,156
10401,AMAZONAS,NIEVA,183,28959,29,18,181,11,99,182,174,174
10403,AMAZONAS,R÷O SANTIAGO,187,16830,14,8,187,-,121,178,167,168
10501,AMAZONAS,LAMUD,262,2292,41,13,254,53,86,244,234,231
10502,AMAZONAS,CAMPORREDONDO,304,7088,42,17,304,29,120,291,264,261
10509,AMAZONAS,LUYA,108,4408,20,2,106,40,9,103,97,98
10601,AMAZONAS,SAN NICOLµS,334,5254,68,28,330,101,100,330,306,313
10701,AMAZONAS,BAGUA GRANDE,2623,53745,531,220,2591,917,701,2576,2388,2412
10702,AMAZONAS,CAJARURO,698,28419,98,37,696,98,224,686,637,643
10703,AMAZONAS,CUMBA,346,8771,55,31,344,65,129,335,314,313
10706,AMAZONAS,LONYA GRANDE,361,10401,55,23,357,55,148,353,341,333
20101,µNCASH,HUARAZ,3292,64735,1275,610,3253,496,1177,3215,3080,3075
20105,µNCASH,INDEPENDENCIA,3119,74383,1186,536,3071,355,1108,3042,2907,2888
20501,µNCASH,CHIQUIµN,134,3605,39,15,132,39,34,129,120,120
20508,µNCASH,HUALLANCA,135,8255,30,20,134,24,53,133,130,129
20601,µNCASH,CARHUAZ,160,15504,47,15,159,23,35,153,141,138
20701,µNCASH,SAN LUIS,33,12596,5,5,33,-,33,26,25,25
20801,µNCASH,CASMA,388,33158,126,23,384,110,76,384,369,368
20804,µNCASH,YAUTAN,173,8437,39,16,170,72,40,164,155,155
21001,µNCASH,HUARI,117,10328,36,15,116,13,47,111,104,105
21004,µNCASH,CHAV÷N DE HUANTAR,145,9214,47,14,144,33,44,138,129,126
21014,µNCASH,SAN MARCOS,77,14898,19,-,76,12,-,73,67,66
21101,µNCASH,HUARMEY,536,24528,149,68,529,165,176,528,516,518
21201,µNCASH,CARAZ,253,26410,91,36,248,47,74,248,218,216
21503,µNCASH,CONCHUCOS,61,8388,11,-,61,4,-,61,58,55
21509,µNCASH,PAMPAS,157,8619,24,12,155,8,95,152,130,129
21601,µNCASH,POMABAMBA,36,16424,8,-,35,4,-,35,32,31
21702,µNCASH,CATAC,64,4019,13,-,62,14,-,64,63,61
21801,µNCASH,CHIMBOTE,4292,214894,1352,633,4244,1376,1345,4248,4141,4134
21803,µNCASH,COISHCO,229,15896,75,40,229,75,73,228,220,221
21805,µNCASH,MORO,49,7518,9,-,49,1,-,47,46,45
21806,µNCASH,NEPE•A,286,15733,60,24,281,72,79,283,279,278
21807,µNCASH,SAMANCO,58,4621,8,8,58,28,30,58,56,56
21808,µNCASH,SANTA,407,20738,111,65,405,144,91,403,392,390
21809,µNCASH,NUEVO CHIMBOTE,3054,153820,967,431,3027,747,1090,3030,2956,2955
21901,µNCASH,SIHUAS,69,5714,24,9,69,7,18,68,67,68
22001,µNCASH,YUNGAY,199,22064,60,34,196,14,70,179,168,164
30101,APUR÷MAC,ABANCAY,6010,56373,2413,949,5942,1037,2193,5866,5002,5014
30104,APUR÷MAC,CURAHUASI,463,18339,130,44,460,62,168,444,326,327
30109,APUR÷MAC,TAMBURCO,633,9870,267,122,622,81,289,620,500,504
30201,APUR÷MAC,ANDAHUAYLAS,2045,45722,673,189,2021,537,560,1985,1685,1693
30204,APUR÷MAC,HUANCARAMA,345,7409,96,11,340,41,108,327,254,245
30213,APUR÷MAC,SAN JERONIMO,779,28309,244,93,767,189,248,755,634,631
30215,APUR÷MAC,SANTA MAR÷A DE CHICMO,318,9866,62,26,312,38,148,292,174,178
30216,APUR÷MAC,TALAVERA,739,18361,272,81,730,98,206,703,559,557
30401,APUR÷MAC,CHALHUANCA,505,5047,150,50,499,42,171,494,429,433
30501,APUR÷MAC,TAMBOBAMBA,326,11665,81,25,320,17,138,316,251,259
30504,APUR÷MAC,HAQUIRA,304,11833,100,34,301,12,157,288,209,207
30601,APUR÷MAC,CHINCHEROS,120,6890,25,4,116,12,32,117,102,102
30602,APUR÷MAC,ANCO-HUALLO,331,12531,91,14,322,48,81,310,243,243
30604,APUR÷MAC,HUACCANA,481,9085,88,29,469,51,228,435,369,361
30701,APUR÷MAC,CHUQUIBAMBILLA,179,5397,78,9,179,16,15,173,145,147
40101,AREQUIPA,AREQUIPA,819,52958,261,118,792,268,229,776,743,727
40102,AREQUIPA,ALTO SELVA ALEGRE,1215,83354,464,186,1194,325,467,1192,1060,1036
40103,AREQUIPA,CAYMA,1300,93802,503,212,1285,247,530,1274,1129,1118
40104,AREQUIPA,CERRO COLORADO,1675,152599,642,276,1658,355,615,1636,1458,1420
40105,AREQUIPA,CHARACATO,214,9635,88,29,211,38,72,199,183,182
40107,AREQUIPA,JACOBO HUNTER,764,48390,261,87,756,199,236,757,694,666
40108,AREQUIPA,LA JOYA,228,30961,68,15,224,16,54,223,203,192
40109,AREQUIPA,MARIANO MELGAR,634,52486,226,50,619,178,105,627,555,544
40110,AREQUIPA,MIRAFLORES,789,48193,255,115,763,250,273,771,693,675
40112,AREQUIPA,PAUCARPATA,2364,124775,840,360,2315,544,907,2311,2081,2026
40116,AREQUIPA,SABANDIA,152,4175,55,27,150,68,32,144,140,133
40117,AREQUIPA,SACHACA,334,19766,120,62,325,110,124,327,294,291
40121,AREQUIPA,SANTA RITA DE SIGUAS,63,5730,17,-,61,26,-,62,55,52
40122,AREQUIPA,SOCABAYA,1129,80490,420,191,1112,205,488,1113,1034,1011
40123,AREQUIPA,TIABAYA,272,14709,93,41,266,45,104,270,230,221
40124,AREQUIPA,UCHUMAYO,258,12623,77,36,257,73,64,255,221,209
40126,AREQUIPA,YANAHUARA,420,25717,139,39,409,148,66,412,378,373
40128,AREQUIPA,YURA,410,26774,170,44,404,79,98,405,362,354
40129,AREQUIPA,JOSE LUIS BUSTAMANTE Y RIVERO,1289,76388,444,181,1264,209,553,1266,1173,1159
40201,AREQUIPA,CAMANA,206,14367,51,25,204,82,51,199,182,178
40202,AREQUIPA,JOSê MAR÷A QUIMPER,49,4142,14,-,48,37,-,32,46,44
40204,AREQUIPA,MARISCAL CµCERES,118,6472,17,11,115,34,54,113,104,104
40205,AREQUIPA,NICOLµS DE PIêROLA,106,6315,23,4,103,38,15,98,95,88
40206,AREQUIPA,OCO•A,87,4811,27,9,85,26,25,84,79,70
40208,AREQUIPA,SAMUEL PASTOR,328,15529,81,20,322,130,66,316,296,286
40301,AREQUIPA,CARAVEL÷,178,3694,39,21,174,58,75,156,148,146
40302,AREQUIPA,ACARI,37,3088,8,-,36,15,-,35,31,30
40303,AREQUIPA,ATICO,42,4117,6,6,39,11,31,41,38,35
40307,AREQUIPA,CHALA,78,6937,7,4,76,23,28,76,60,57
40401,AREQUIPA,APLAO,57,8803,9,-,56,28,-,43,46,42
40409,AREQUIPA,ORCOPAMPA,69,9797,16,3,69,11,25,69,62,61
40413,AREQUIPA,URACA,43,7187,12,-,41,16,-,40,37,35
40501,AREQUIPA,CHIVAY,53,7833,23,-,51,12,-,50,32,32
40503,AREQUIPA,CABANACONDE,29,2353,7,-,29,4,-,23,18,17
40505,AREQUIPA,CAYLLOMA,83,3076,29,7,82,6,35,80,70,66
40520,AREQUIPA,MAJES,677,65637,201,95,664,165,306,671,597,590
40601,AREQUIPA,CHUQUIBAMBA,32,3296,11,-,30,8,-,28,26,26
40606,AREQUIPA,RIO GRANDE,42,2663,8,-,42,2,-,36,38,36
40701,AREQUIPA,MOLLENDO,632,22078,142,49,620,121,213,607,554,537
40702,AREQUIPA,COCACHACRA,252,8896,49,28,248,97,88,248,224,216
40703,AREQUIPA,DEAN VALDIVIA,85,6627,16,1,80,23,15,79,68,67
40704,AREQUIPA,ISLAY,71,7441,16,1,70,13,14,69,60,56
40706,AREQUIPA,PUNTA DE BOMB‡N,136,6427,24,3,132,24,19,131,108,107
50101,AYACUCHO,AYACUCHO,5075,94442,1640,565,5030,407,1765,4984,4770,4753
50104,AYACUCHO,CARMEN ALTO 1/,1492,21758,490,204,1479,105,723,1460,1371,1371
50108,AYACUCHO,QUINUA,56,6255,3,-,56,2,-,52,38,36
50110,AYACUCHO,SAN JUAN BAUTISTA,3006,51407,998,467,2980,193,1387,2917,2779,2761
50115,AYACUCHO,JESUS NAZARENO,853,18336,274,109,837,95,358,837,779,772
50116,AYACUCHO,ANDRêS AVELINO CµCERES DORREGARAY,242,21827,80,80,240,2,240,237,219,217
50201,AYACUCHO,CANGALLO,40,6770,10,-,40,4,-,38,38,38
50202,AYACUCHO,CHUSCHI,192,8004,24,7,188,10,112,163,149,149
50203,AYACUCHO,LOS MOROCHUCOS,103,8218,23,-,102,-,-,94,93,91
50301,AYACUCHO,SANCOS,125,3590,28,22,124,5,83,116,116,115
50401,AYACUCHO,HUANTA,930,41571,209,66,918,116,313,903,846,841
50407,AYACUCHO,SIVIA,222,13247,45,16,221,46,91,219,200,204
50408,AYACUCHO,LLOCHEGUA,226,11148,42,15,225,9,101,222,196,191
50501,AYACUCHO,SAN MIGUEL,297,9121,49,4,293,16,88,276,261,260
50502,AYACUCHO,ANCO,39,10949,11,-,39,1,-,39,37,37
50503,AYACUCHO,AYNA,230,10347,63,22,228,30,89,224,212,214
50507,AYACUCHO,SANTA ROSA,329,11032,63,27,327,7,170,314,296,296
50508,AYACUCHO,TAMBO,402,20085,62,22,393,18,165,385,345,342
50509,AYACUCHO,SAMUGARI,65,10459,8,8,64,8,57,61,53,53
50601,AYACUCHO,PUQUIO,446,13915,88,36,441,63,185,439,403,401
50602,AYACUCHO,AUCARA,148,5507,29,11,148,25,53,131,125,121
50603,AYACUCHO,CABANA,134,4583,22,9,127,19,74,123,102,101
50701,AYACUCHO,CORACORA,368,15447,68,17,367,12,116,361,350,351
50705,AYACUCHO,PULLO,50,4922,11,-,49,-,-,48,47,46
50801,AYACUCHO,PAUSA,162,2804,18,3,160,34,32,160,154,154
51001,AYACUCHO,HUANCAPI,74,1981,10,5,72,34,25,59,62,62
51005,AYACUCHO,CANARIA,126,4006,20,4,123,5,38,109,98,96
51010,AYACUCHO,HUAYA,200,3245,21,11,199,-,110,165,160,160
51011,AYACUCHO,SARHUA,90,2756,10,4,90,-,32,70,53,52
51101,AYACUCHO,VILCAS HUAMAN,92,8414,20,-,92,8,-,91,85,84
60101,CAJAMARCA,CAJAMARCA,6684,248764,1857,742,6656,1105,2431,6636,6534,6503
60106,CAJAMARCA,JESUS,166,14709,25,9,166,15,85,164,160,155
60108,CAJAMARCA,LOS BA•OS DEL INCA,413,43062,103,45,410,66,116,411,408,407
60109,CAJAMARCA,MAGDALENA,91,9661,12,7,91,11,-,90,91,85
60201,CAJAMARCA,CAJABAMBA,403,30678,79,15,400,56,83,393,383,384
60204,CAJAMARCA,SITACOCHA,121,8901,10,4,121,33,31,121,120,119
60301,CAJAMARCA,CELENDIN,517,28159,100,40,511,72,163,510,497,497
60401,CAJAMARCA,CHOTA,580,48764,136,50,578,96,178,578,565,564
60410,CAJAMARCA,LAJAS,45,12513,20,-,45,21,-,41,36,34
60417,CAJAMARCA,TACABAMBA,197,20074,37,21,195,16,93,183,179,179
60501,CAJAMARCA,CONTUMAZA,69,8470,12,4,67,15,12,58,61,59
60502,CAJAMARCA,CHILETE,81,2755,14,3,81,14,14,77,73,73
60508,CAJAMARCA,YONAN,134,7895,24,13,133,37,39,127,120,116
60601,CAJAMARCA,CUTERVO,600,56225,115,49,597,118,238,596,585,585
60614,CAJAMARCA,SOCOTA,143,10721,13,6,143,14,70,140,137,137
60701,CAJAMARCA,BAMBAMARCA,592,82198,126,34,589,84,162,583,563,559
60801,CAJAMARCA,JAEN,2527,101042,785,306,2521,432,903,2510,2465,2468
60802,CAJAMARCA,BELLAVISTA,404,15320,64,32,403,23,161,399,391,388
60808,CAJAMARCA,PUCARA,94,7674,19,12,93,29,33,93,93,93
60812,CAJAMARCA,SANTA ROSA,135,11399,15,7,135,-,68,123,123,123
60901,CAJAMARCA,SAN IGNACIO,215,37629,49,11,215,42,35,215,206,209
60902,CAJAMARCA,CHIRINOS,102,14315,5,4,102,3,52,93,93,93
60903,CAJAMARCA,HUARANGO,44,20580,13,-,44,1,-,41,40,40
61001,CAJAMARCA,PEDRO GµLVEZ,334,21434,59,22,333,51,112,330,330,330
61101,CAJAMARCA,SAN MIGUEL,156,15875,17,6,155,24,57,156,152,152
61201,CAJAMARCA,SAN PABLO,88,13575,24,7,87,10,18,87,87,86
61301,CAJAMARCA,SANTA CRUZ,87,12335,10,4,87,24,18,86,85,85
70101,PROVINCIA CONSTITUCIONAL DEL CALLAO,CALLAO,14334,406760,5143,2115,14247,3596,5244,14208,13902,13815
70102,PROVINCIA CONSTITUCIONAL DEL CALLAO,BELLAVISTA,2208,71859,764,267,2199,561,699,2194,2137,2122
70103,PROVINCIA CONSTITUCIONAL DEL CALLAO,CARMEN DE LA LEGUA REYNOSO,1149,40765,383,158,1146,361,384,1137,1093,1086
70104,PROVINCIA CONSTITUCIONAL DEL CALLAO,LA PERLA,2179,58917,732,328,2166,446,899,2153,2098,2078
70105,PROVINCIA CONSTITUCIONAL DEL CALLAO,LA PUNTA,228,3270,59,28,224,127,26,225,222,221
70106,PROVINCIA CONSTITUCIONAL DEL CALLAO,VENTANILLA,9288,385596,3542,1505,9243,1629,3580,9222,8962,8920
70107,PROVINCIA CONSTITUCIONAL DEL CALLAO,MI PERU,453,60977,158,158,451,64,389,449,437,440
80101,CUSCO,CUSCO,2903,119709,1303,561,2866,669,1130,2852,2626,2565
80104,CUSCO,SAN JER‡NIMO,794,47534,360,165,783,168,329,784,716,699
80105,CUSCO,SAN SEBASTIAN,1338,116493,632,263,1327,220,506,1318,1203,1176
80106,CUSCO,SANTIAGO,2200,90766,1036,420,2180,508,756,2169,1988,1935
80108,CUSCO,WANCHAQ,1310,64325,572,214,1294,381,357,1290,1201,1168
80201,CUSCO,ACOMAYO,97,5574,34,20,96,25,42,95,90,91
80205,CUSCO,POMACANCHI,178,9032,41,10,177,27,48,175,141,131
80207,CUSCO,SANGARARA,117,3726,30,7,115,28,42,116,90,81
80301,CUSCO,ANTA,166,16721,67,16,165,42,43,164,122,122
80305,CUSCO,HUAROCONDO,75,5803,22,10,74,15,32,74,61,57
80401,CUSCO,CALCA,155,23510,65,25,154,14,49,151,135,132
80405,CUSCO,PISAC,72,10209,35,18,72,12,31,70,61,61
80408,CUSCO,YANATILE,31,13429,5,-,31,11,-,31,23,19
80501,CUSCO,YANAOCA,65,10049,23,-,65,3,-,65,61,59
80601,CUSCO,SICUANI,1291,60363,526,183,1279,127,485,1276,1140,1139
80602,CUSCO,CHECACUPE,67,4978,29,-,66,5,-,67,52,53
80604,CUSCO,MARANGANI,77,11195,26,8,76,7,31,75,50,49
80605,CUSCO,PITUMARCA,75,7541,13,2,75,10,12,73,47,42
80608,CUSCO,TINTA,79,5605,36,6,76,10,12,76,63,59
80701,CUSCO,SANTO TOMAS,151,26707,49,-,149,4,-,145,128,125
80801,CUSCO,ESPINAR,697,33520,280,97,692,34,256,688,591,569
80901,CUSCO,SANTA ANA,766,34732,291,89,754,129,196,759,672,648
80902,CUSCO,ECHARATE,119,36794,41,21,119,14,52,113,107,105
80903,CUSCO,HUAYOPATA,68,4605,22,8,68,2,29,68,56,56
80907,CUSCO,KIMBIRI,176,14776,22,6,175,5,93,176,170,170
80910,CUSCO,PICHARI,352,20373,66,25,352,51,159,333,284,274
81101,CUSCO,PAUCARTAMBO,179,13307,57,22,179,26,60,176,141,138
81201,CUSCO,URCOS,280,9311,120,45,279,59,73,280,244,237
81202,CUSCO,ANDAHUAYLILLAS,51,5497,13,-,51,-,-,51,46,44
81208,CUSCO,LUCRE,121,4016,29,16,121,24,49,117,103,95
81211,CUSCO,OROPESA,109,7335,40,-,108,5,-,108,98,97
81301,CUSCO,URUBAMBA,256,21099,98,36,251,57,72,253,215,205
81302,CUSCO,CHINCHERO,34,9803,13,13,31,5,29,32,28,26
81304,CUSCO,MACHUPICCHU,84,8379,26,17,84,26,29,84,71,69
81306,CUSCO,OLLANTAYTAMBO,34,11257,14,-,34,6,-,34,32,26
81307,HUANCAVELICA,YUCAY,122,3337,37,16,121,27,25,121,111,115
90101,HUANCAVELICA,HUANCAVELICA,6015,40676,2266,1005,5894,1252,2147,5849,5288,5217
90103,HUANCAVELICA,ACORIA,365,36819,85,41,358,36,131,299,251,239
90117,HUANCAVELICA,YAULI,430,33886,142,47,424,85,121,392,316,301
90118,HUANCAVELICA,ASCENSI‡N,2055,12440,734,333,2002,357,760,2007,1814,1772
90201,HUANCAVELICA,ACOBAMBA,636,10124,212,69,624,76,187,614,525,519
90206,HUANCAVELICA,PAUCARA,690,37488,252,108,668,83,281,660,477,457
90301,HUANCAVELICA,LIRCAY,963,24934,325,128,947,85,357,926,779,768
90501,HUANCAVELICA,CHURCAMPA,364,5918,117,40,356,39,123,351,281,278
90701,HUANCAVELICA,PAMPAS,635,9221,247,74,620,68,195,619,533,518
90705,HUANCAVELICA,COLCABAMBA,489,12334,179,83,478,22,246,438,384,347
90706,HUANCAVELICA,DANIEL HERNµNDEZ,467,10236,166,45,458,9,145,445,396,384
90709,HUANCAVELICA,HUARIBAMBA,335,4423,84,46,332,-,188,269,205,183
100101,HUµNUCO,HUANUCO,3829,87253,1283,524,3782,775,1401,3760,3516,3495
100102,HUµNUCO,AMARILIS,3483,78387,1166,379,3438,424,1215,3423,3221,3194
100103,HUµNUCO,CHINCHAO,87,13893,25,10,86,1,52,81,71,69
100105,HUµNUCO,MARGOS,129,9875,20,6,128,3,65,121,98,98
100111,HUµNUCO,PILLCO MARCA,1624,27701,499,174,1608,128,637,1594,1440,1434
100201,HUµNUCO,AMBO,561,17188,153,50,554,47,225,547,496,495
100207,HUµNUCO,SAN RAFAEL,86,12198,16,2,84,1,16,80,59,56
100208,HUµNUCO,TOMAY KICHWA,35,3958,3,-,35,-,-,35,33,33
100301,HUµNUCO,LA UNION,103,6300,31,-,103,5,-,101,89,89
100313,HUµNUCO,PACHAS,149,13212,17,10,147,-,92,130,124,123
100317,HUµNUCO,RIPAN,183,7081,50,11,182,9,41,178,163,160
100501,HUµNUCO,LLATA,256,15135,53,17,256,7,102,253,241,240
100507,HUµNUCO,MONZON,128,29148,20,7,125,31,51,126,124,122
100601,HUµNUCO,RUPA-RUPA,2031,51063,547,136,2006,593,518,1985,1799,1793
100604,HUµNUCO,JOSê CRESPO Y CASTILLO,745,24922,142,42,735,200,218,733,657,658
100701,HUµNUCO,HUACRACHUCO,124,15821,20,8,120,16,44,119,107,106
100801,HUµNUCO,PANAO,86,24679,19,1,84,16,38,68,54,52
100802,HUµNUCO,CHAGLLA,152,14746,31,4,152,1,34,148,130,127
100901,HUµNUCO,PUERTO INCA,219,7639,52,20,219,58,83,213,212,208
101001,HUµNUCO,JESUS,244,5736,45,8,242,11,90,226,204,201
110101,ICA,ICA,4934,132004,1418,552,4860,624,1912,4810,4701,4620
110102,ICA,LA TINGUI•A,930,36103,273,120,916,120,435,909,863,850
110103,ICA,LOS AQUIJES,419,19530,105,37,415,38,168,408,399,390
110105,ICA,PACHACUTEC,65,6806,16,-,63,16,-,63,58,56
110106,ICA,PARCONA,1533,55279,427,142,1509,185,563,1493,1393,1378
110108,ICA,SALAS,445,23917,103,34,435,58,138,425,396,381
110109,ICA,SAN JOSê DE LOS MOLINOS,129,6268,38,-,129,38,-,124,93,93
110110,ICA,SAN JUAN BAUTISTA,383,14868,111,40,379,45,136,376,359,354
110111,ICA,SANTIAGO,442,29575,104,33,439,27,140,433,402,385
110112,ICA,SUBTANJALLA,544,28249,160,59,531,49,202,530,508,498
110113,ICA,TATE,125,4625,23,13,124,29,45,124,120,118
110201,ICA,CHINCHA ALTA,1340,64194,367,125,1315,203,446,1300,1221,1213
110202,ICA,ALTO LARAN,111,7489,25,6,111,45,26,110,99,97
110204,ICA,CHINCHA BAJA,137,12369,27,8,137,12,61,135,132,128
110205,ICA,EL CARMEN,141,13451,20,7,139,10,78,138,130,128
110206,ICA,GROCIO PRADO,406,24363,112,24,397,48,83,398,359,351
110207,ICA,PUEBLO NUEVO,828,61893,313,96,807,110,266,803,745,731
110210,ICA,SUNAMPE,521,27834,118,44,513,99,199,511,482,470
110211,ICA,TAMBO DE MORA,40,5026,6,-,39,22,-,38,35,34
110301,ICA,NAZCA,680,26857,176,51,667,109,231,667,638,631
110304,ICA,MARCONA,396,12397,91,29,392,30,118,388,363,357
110305,ICA,VISTA ALEGRE,324,15603,58,29,321,27,116,320,301,298
110401,ICA,PALPA,174,7208,33,5,171,47,48,172,167,166
110501,ICA,PISCO,1287,54046,320,88,1274,183,400,1261,1202,1189
110504,ICA,INDEPENDENCIA,221,14590,33,8,217,24,58,213,186,181
110505,ICA,PARACAS,69,7166,13,10,68,17,37,69,69,66
110506,ICA,SAN ANDRES,325,13571,60,22,323,42,87,313,294,289
110507,ICA,SAN CLEMENTE,441,22067,89,30,437,28,143,432,386,381
110508,ICA,TUPAC AMARU INCA,385,17923,83,14,380,40,99,376,334,322
120101,JUN÷N,HUANCAYO,2853,117559,1271,552,2813,504,1065,2805,2639,2616
120107,JUN÷N,CHILCA,1941,86496,912,458,1913,376,804,1884,1725,1710
120114,JUN÷N,EL TAMBO,3085,163202,1326,598,3040,407,1298,3014,2830,2805
120119,JUN÷N,HUANCAN,383,21212,159,73,377,23,164,359,337,330
120121,JUN÷N,HUAYUCACHI,171,8581,63,27,170,24,76,166,151,151
120125,JUN÷N,PILCOMAYO,235,16692,91,37,233,9,84,231,222,221
120128,JUN÷N,QUILCAS,149,4212,46,14,148,-,61,122,126,127
120129,JUN÷N,SAN AGUST÷N,139,11738,52,28,139,26,57,135,125,121
120130,JUN÷N,SAN JER‡NIMO DE TUNAN,106,10275,40,6,106,9,17,106,101,98
120132,JUN÷N,SA•O,86,4039,32,-,84,-,-,78,66,62
120133,JUN÷N,SAPALLANGA,251,12778,97,32,247,35,68,241,220,216
120134,JUN÷N,SICAYA,299,8048,106,44,293,63,103,267,258,258
120136,JUN÷N,VIQUES,42,2227,9,9,41,10,32,41,40,40
120201,JUN÷N,CONCEPCI‡N,332,14829,119,53,325,71,98,320,297,301
120210,JUN÷N,MATAHUASI,56,5124,12,-,56,-,-,48,38,38
120213,JUN÷N,ORCOTUNA,67,4137,18,18,67,5,62,64,59,61
120214,JUN÷N,SAN JOSê DE QUERO,104,6072,26,15,101,3,50,98,88,87
120301,JUN÷N,CHANCHAMAYO,319,24682,88,33,313,70,103,313,288,278
120302,JUN÷N,PERENE,539,75737,163,42,533,65,152,516,453,445
120303,JUN÷N,PICHANAQUI,295,69817,97,43,294,57,90,287,258,250
120305,JUN÷N,SAN RAM‡N,301,27222,112,29,298,55,32,295,253,251
120401,JUN÷N,JAUJA,262,14573,92,32,259,35,89,250,221,220
120402,JUN÷N,ACOLLA,205,7253,62,32,201,44,84,194,177,176
120407,JUN÷N,EL MANTARO,76,2543,23,17,76,4,54,75,70,68
120421,JUN÷N,MUQUIYAUYO,54,2204,11,-,52,1,-,47,42,41
120430,JUN÷N,SAUSA,140,3034,42,17,138,18,51,137,123,125
120434,JUN÷N,YAUYOS,72,9275,17,8,72,10,28,69,65,63
120501,JUN÷N,JUNIN,72,9660,23,-,70,13,-,71,66,64
120502,JUN÷N,CARHUAMAYO,185,7749,48,26,183,30,93,178,162,156
120601,JUN÷N,SATIPO,400,42591,166,51,396,120,99,391,356,346
120604,JUN÷N,MAZAMARI,74,63294,24,7,74,25,15,71,59,57
120606,JUN÷N,PANGOA,112,58985,35,5,108,15,16,108,101,98
120701,JUN÷N,TARMA,749,46042,210,97,740,67,327,733,638,630
120702,JUN÷N,ACOBAMBA,84,13454,27,8,82,10,25,81,76,75
120704,JUN÷N,HUASAHUASI,60,15264,10,-,60,6,-,58,51,51
120705,JUN÷N,LA UNI‡N,90,3164,20,8,90,-,35,88,83,76
120706,JUN÷N,PALCA,63,5610,18,-,62,9,-,59,50,50
120707,JUN÷N,PALCAMAYO,99,9405,15,7,97,-,42,91,80,80
120708,JUN÷N,SAN PEDRO DE CAJAS,99,5631,29,8,99,1,41,92,82,80
120801,JUN÷N,LA OROYA,285,13063,87,18,282,9,83,276,249,252
120805,JUN÷N,MOROCOCHA,78,4332,27,6,78,11,31,78,76,75
120808,JUN÷N,SANTA ROSA DE SACCO,134,10381,43,14,132,12,34,132,120,117
120810,JUN÷N,YAULI,153,5145,40,17,153,24,63,150,145,145
120901,JUN÷N,CHUPACA,220,22099,69,39,214,19,87,212,191,187
120902,JUN÷N,AHUAC,56,5929,15,-,55,2,-,53,48,47
120903,JUN÷N,CHONGOS BAJO,15,4005,2,-,15,-,-,15,13,13
120905,JUN÷N,HUAMANCACA CHICO,84,5997,24,6,82,2,22,77,72,72
130101,LA LIBERTAD,TRUJILLO,5094,322058,1987,704,5017,1861,1299,4954,4728,4684
130102,LA LIBERTAD,EL PORVENIR,3302,190054,1364,577,3256,1632,766,3167,2978,2940
130103,LA LIBERTAD,FLORENCIA DE MORA,924,42190,336,169,915,487,228,857,846,835
130104,LA LIBERTAD,HUANCHACO,813,69737,299,127,801,356,187,767,749,746
130105,LA LIBERTAD,LA ESPERANZA,2505,185546,913,402,2458,1375,524,2378,2294,2262
130106,LA LIBERTAD,LAREDO,356,35604,110,35,351,207,35,340,322,321
130107,LA LIBERTAD,MOCHE,363,35009,134,40,358,114,86,352,332,326
130109,LA LIBERTAD,SALAVERRY,369,18498,113,46,361,186,84,358,344,338
130111,LA LIBERTAD,VICTOR LARCO HERRERA,944,64918,351,119,928,270,248,916,882,876
130201,LA LIBERTAD,ASCOPE,123,6636,26,7,123,59,13,117,104,102
130202,LA LIBERTAD,CHICAMA,186,15549,47,10,182,78,27,161,167,156
130203,LA LIBERTAD,CHOCOPE,102,9322,34,6,100,54,14,94,83,81
130205,LA LIBERTAD,PAIJAN,336,25851,98,41,329,233,44,320,301,292
130206,LA LIBERTAD,RµZURI,90,9163,20,1,89,37,12,90,80,78
130207,LA LIBERTAD,SANTIAGO DE CAO,332,19661,74,30,328,154,65,319,287,276
130208,LA LIBERTAD,CASA GRANDE,423,31335,96,24,419,157,92,409,380,378
130401,LA LIBERTAD,CHEPEN,587,48948,209,63,581,239,84,566,534,524
130402,LA LIBERTAD,PACANGA,137,24128,38,9,137,64,22,132,120,116
130403,LA LIBERTAD,PUEBLO NUEVO,148,15039,39,15,146,29,47,144,134,130
130501,LA LIBERTAD,JULCAN,51,11578,9,9,51,2,49,48,45,45
130601,LA LIBERTAD,OTUZCO,194,27484,48,19,190,54,56,182,168,165
130614,LA LIBERTAD,USQUIL,83,27519,14,3,81,11,29,69,59,56
130701,LA LIBERTAD,SAN PEDRO DE LLOC,231,16665,59,27,228,73,81,222,209,207
130702,LA LIBERTAD,GUADALUPE,521,44233,151,52,511,197,136,485,454,448
130703,LA LIBERTAD,JEQUETEPEQUE,124,3879,30,15,122,79,15,108,111,108
130704,LA LIBERTAD,PACASMAYO,351,27775,108,45,346,152,75,333,325,322
130705,LA LIBERTAD,SAN JOSE,172,12447,32,7,169,64,45,144,142,141
130801,LA LIBERTAD,TAYABAMBA,45,14753,8,8,45,18,27,43,40,40
130808,LA LIBERTAD,PARCOY,66,21981,21,6,64,8,18,66,66,65
130901,LA LIBERTAD,HUAMACHUCO,629,63392,199,83,614,195,198,595,569,564
131001,LA LIBERTAD,SANTIAGO DE CHUCO,136,20454,50,16,135,20,41,133,124,122
131002,LA LIBERTAD,ANGASMARCA,29,7383,12,-,29,2,-,29,25,24
131006,LA LIBERTAD,QUIRUVILCA,82,14336,24,-,76,6,-,81,71,70
131101,LA LIBERTAD,CASCAS,50,14202,11,-,49,14,-,49,45,44
131201,LA LIBERTAD,VIRU,611,68763,156,49,601,210,136,569,552,543
131202,LA LIBERTAD,CHAO,211,41268,72,19,207,108,27,204,177,173
131203,LA LIBERTAD,GUADALUPITO,188,9816,48,20,186,64,54,174,150,149
140101,LAMBAYEQUE,CHICLAYO,4897,294000,1272,457,4795,2554,1171,4791,4440,4392
140102,LAMBAYEQUE,CHONGOYAPE,282,17952,28,6,275,95,81,269,240,232
140103,LAMBAYEQUE,ETEN,252,10544,65,16,242,144,24,242,205,203
140105,LAMBAYEQUE,JOSE LEONARDO ORTIZ,3771,195447,1152,452,3707,1782,971,3683,3314,3264
140106,LAMBAYEQUE,LA VICTORIA,2158,91460,486,238,2104,1175,472,2096,1871,1838
140107,LAMBAYEQUE,LAGUNAS,141,10296,16,5,139,76,33,120,108,104
140108,LAMBAYEQUE,MONSEFU,485,31959,130,50,479,268,99,459,416,410
140110,LAMBAYEQUE,OYOTUN,111,9829,12,6,109,39,32,102,89,89
140111,LAMBAYEQUE,PICSI,204,9836,36,17,196,92,42,191,178,176
140112,LAMBAYEQUE,PIMENTEL,515,45010,125,35,507,217,119,497,461,453
140113,LAMBAYEQUE,REQUE,334,15106,71,24,329,144,81,318,302,296
140114,LAMBAYEQUE,SANTA ROSA,204,12810,47,16,201,130,31,172,180,171
140115,LAMBAYEQUE,SA•A,254,12296,37,9,249,119,54,244,209,207
140116,LAMBAYEQUE,CAYALTI,220,15880,30,10,217,101,60,215,208,209
140117,LAMBAYEQUE,PATAPO,418,22562,71,23,409,162,106,385,357,349
140118,LAMBAYEQUE,POMALCA,361,25480,67,21,355,142,83,334,311,305
140119,LAMBAYEQUE,PUCALA,137,8934,18,8,136,86,11,128,125,124
140120,LAMBAYEQUE,TUMAN,638,30338,108,31,618,198,163,593,568,565
140201,LAMBAYEQUE,FERRE•AFE,730,35505,142,48,709,390,157,702,612,602
140205,LAMBAYEQUE,PITIPO,99,23805,9,2,97,41,16,94,84,82
140206,LAMBAYEQUE,PUEBLO NUEVO,216,13460,32,6,213,100,42,210,176,176
140301,LAMBAYEQUE,LAMBAYEQUE,708,78275,175,51,694,348,111,679,618,611
140304,LAMBAYEQUE,JAYANCA,64,17713,7,-,62,16,-,55,47,47
140305,LAMBAYEQUE,MOCHUMI,40,19239,7,-,40,14,-,39,40,40
140306,LAMBAYEQUE,MORROPE,169,46573,24,8,165,67,52,164,140,142
140307,LAMBAYEQUE,MOTUPE,246,26594,32,16,244,105,50,238,217,216
140308,LAMBAYEQUE,OLMOS,171,40957,24,14,170,49,47,152,147,145
140309,LAMBAYEQUE,PACORA,82,7217,12,-,81,38,-,74,71,69
140310,LAMBAYEQUE,SALAS,99,12979,9,2,98,41,27,95,76,73
140311,LAMBAYEQUE,SAN JOSê,185,16449,44,9,184,88,27,178,174,170
140312,LIMA,TUCUME,236,22958,42,9,231,120,31,226,202,197
150101,LIMA,LIMA,2130,268777,745,244,2120,704,702,2113,2067,2050
150102,LIMA,ANCON,396,40529,153,97,390,77,218,391,387,382
150103,LIMA,ATE,3465,645803,1449,583,3446,493,1240,3441,3342,3319
150104,LIMA,BARRANCO,309,29482,100,39,308,84,85,307,305,304
150105,LIMA,BRE•A,578,75322,232,59,574,149,165,575,571,565
150106,LIMA,CARABAYLLO,1169,309899,456,189,1165,226,442,1154,1119,1115
150107,LIMA,CHACLACAYO,302,43809,110,41,298,54,95,301,285,286
150108,LIMA,CHORRILLOS,2246,330756,829,366,2231,372,983,2226,2165,2150
150109,LIMA,CIENEGUILLA,123,48382,32,10,122,35,46,122,119,119
150110,LIMA,COMAS,2358,531027,891,387,2340,426,992,2325,2266,2258
150111,LIMA,EL AGUSTINO,1302,193319,519,182,1295,210,473,1292,1264,1257
150112,LIMA,INDEPENDENCIA,1153,218582,406,143,1145,259,472,1135,1082,1071
150113,LIMA,JESÈS MAR÷A,517,71634,181,70,514,130,166,514,512,505
150114,LIMA,LA MOLINA,852,175681,279,114,848,232,305,844,833,828
150115,LIMA,LA VICTORIA,1498,169239,605,231,1484,379,500,1477,1449,1440
150116,LIMA,LINCE,390,49651,140,64,382,94,157,387,380,376
150117,LIMA,LOS OLIVOS,1684,377915,650,265,1674,404,690,1677,1629,1614
150118,LIMA,LURIGANCHO,1304,224098,539,196,1297,180,428,1291,1250,1240
150119,LIMA,LURIN,574,87256,224,72,572,121,191,564,549,543
150120,LIMA,MAGDALENA DEL MAR,293,54789,82,25,288,92,71,292,282,278
150121,LIMA,MAGDALENA VIEJA,525,76122,183,75,519,144,196,520,513,511
150122,LIMA,MIRAFLORES,481,81776,134,56,472,173,153,476,461,455
150123,LIMA,PACHACAMAC,595,133256,221,97,592,84,229,591,576,573
150124,LIMA,PUCUSANA,158,17519,52,15,158,43,61,156,148,149
150125,LIMA,PUENTE PIEDRA,1366,363194,490,256,1360,253,620,1357,1302,1298
150126,LIMA,PUNTA HERMOSA,52,7792,15,3,52,21,8,52,51,49
150128,LIMA,RIMAC,1089,163913,429,185,1085,254,440,1076,1049,1044
150129,LIMA,SAN BARTOLO,143,7884,42,20,142,62,42,139,135,135
150130,LIMA,SAN BORJA,593,112317,174,68,589,196,193,592,582,577
150131,LIMA,SAN ISIDRO,408,53836,92,37,405,155,151,406,389,387
150132,LIMA,SAN JUAN DE LURIGANCHO,5581,1114686,2297,856,5548,1053,1902,5543,5422,5388
150133,LIMA,SAN JUAN DE MIRAFLORES,2218,409886,903,320,2206,323,820,2200,2134,2120
150134,LIMA,SAN LUIS,445,58026,189,96,443,135,166,443,436,432
150135,LIMA,SAN MARTIN DE PORRES,2833,714952,1109,380,2816,507,991,2807,2735,2713
150136,LIMA,SAN MIGUEL,802,136369,302,83,797,255,164,791,781,773
150137,LIMA,SANTA ANITA,1140,233315,468,161,1126,264,391,1131,1093,1088
150139,LIMA,SANTA ROSA,40,19272,15,-,40,10,-,40,35,36
150140,LIMA,SANTIAGO DE SURCO,2006,350855,659,278,1983,630,713,1992,1970,1965
150141,LIMA,SURQUILLO,738,91409,266,127,736,280,243,732,722,719
150142,LIMA,VILLA EL SALVADOR,3022,472442,1347,592,3009,327,1211,2994,2927,2921
150143,LIMA,VILLA MARIA DEL TRIUNFO,2964,457069,1208,479,2946,325,1238,2932,2832,2820
150201,LIMA,BARRANCA,981,71383,364,124,969,276,369,967,929,928
150202,LIMA,PARAMONGA,416,22209,121,36,410,128,111,411,395,391
150203,LIMA,PATIVILCA,338,19496,117,55,337,66,174,337,326,327
150204,LIMA,SUPE,264,22762,73,16,262,53,80,261,254,254
150205,LIMA,SUPE PUERTO,229,11660,72,6,229,92,31,227,221,222
150301,LIMA,CAJATAMBO,50,2253,22,-,49,4,-,49,49,49
150401,LIMA,CANTA,89,2825,23,6,88,4,46,84,80,80
150501,LIMA,SAN VICENTE DE CA•ETE,1039,56517,388,114,1033,253,319,1030,999,993
150502,LIMA,ASIA,75,9536,22,-,72,13,-,75,72,70
150504,LIMA,CERRO AZUL,320,8203,102,39,319,74,120,316,304,304
150505,LIMA,CHILCA,539,15946,162,48,536,117,159,536,504,497
150507,LIMA,IMPERIAL,714,40005,274,89,709,132,196,702,685,684
150508,LIMA,LUNAHUANA,178,4828,49,15,177,54,52,174,169,169
150509,LIMA,MALA,656,34886,200,37,652,139,136,654,625,619
150510,LIMA,NUEVO IMPERIAL,414,23677,150,20,414,101,94,404,392,391
150512,LIMA,QUILMANA,416,15386,132,39,410,128,113,413,399,400
150513,LIMA,SAN ANTONIO,121,4236,42,18,121,53,33,119,113,113
150514,LIMA,SAN LUIS,281,13090,85,33,280,59,94,276,273,269
150601,LIMA,HUARAL,1866,101705,648,189,1856,426,492,1849,1766,1759
150604,LIMA,AUCALLAMA,130,19814,43,13,129,28,50,126,125,124
150605,LIMA,CHANCAY,1068,62892,310,99,1060,189,276,1058,1016,1012
150701,LIMA,MATUCANA,129,3604,36,7,127,20,10,128,124,123
150705,LIMA,CHICLA,49,7695,20,-,49,15,-,49,47,44
150714,LIMA,RICARDO PALMA,81,6180,28,6,79,30,11,80,78,75
150722,LIMA,SAN MATEO,151,5029,33,13,151,19,65,151,143,142
150728,LIMA,SANTA EULALIA,234,12036,78,35,233,42,93,231,228,224
150801,LIMA,HUACHO,1028,58898,342,107,1021,272,299,1022,1002,1000
150803,LIMA,CALETA DE CARQUIN,82,6873,19,8,80,42,23,79,74,75
150805,LIMA,HUALMAY,505,28790,176,53,499,164,141,502,486,476
150806,LIMA,HUAURA,590,35796,211,69,588,127,193,582,554,553
150810,LIMA,SANTA MARIA,714,34039,259,89,705,214,209,701,677,671
150811,LIMA,SAYAN,327,24324,95,11,326,75,72,322,316,313
150812,LIMA,VEGUETA,359,22380,113,41,357,83,107,354,343,340
150901,LIMA,OYON,202,14655,42,25,202,16,98,194,197,195
150906,LIMA,PACHANGARA,102,3427,23,10,102,7,40,101,95,94
151001,LIMA,YAUYOS,32,2825,3,-,32,1,-,29,28,27
160101,LORETO,IQUITOS,5702,149994,1864,741,5581,1201,1852,5602,5450,5421
160103,LORETO,FERNANDO LORES,48,20349,6,-,48,4,-,48,46,43
160104,LORETO,INDIANA,139,11237,21,8,137,58,21,131,126,128
160105,LORETO,LAS AMAZONAS,69,9862,11,11,69,27,42,68,68,67
160106,LORETO,MAZAN,56,13859,16,-,52,28,-,54,49,45
160108,LORETO,PUNCHANA,1996,92284,544,222,1957,553,559,1957,1894,1903
160112,LORETO,BELEN,2125,76342,643,232,2109,439,635,2094,2026,2029
160113,LORETO,SAN JUAN BAUTISTA,4134,157621,1226,557,4093,574,1666,4067,3993,3980
160201,LORETO,YURIMAGUAS,1097,72803,280,108,1092,144,321,1063,1029,1027
160206,LORETO,LAGUNAS,358,14385,40,15,358,30,135,356,336,329
160301,LORETO,NAUTA,337,30232,67,14,329,68,108,331,328,326
160303,LORETO,TIGRE,44,8506,9,-,44,13,-,44,44,43
160305,LORETO,URARINAS,134,14932,13,5,133,47,53,132,129,130
160401,LORETO,RAMON CASTILLA,191,24480,32,19,189,67,82,188,178,179
160402,LORETO,PEBAS,68,17286,8,8,68,17,51,67,64,63
160404,LORETO,SAN PABLO,62,16306,9,-,60,12,-,62,58,60
160501,LORETO,REQUENA,574,30452,110,39,571,86,217,565,553,551
160503,LORETO,CAPELO,74,4490,13,4,74,17,9,72,73,71
160504,LORETO,EMILIO SAN MART÷N,87,7531,13,10,85,25,23,84,82,82
160601,LORETO,CONTAMANA,423,27569,90,31,421,79,146,418,407,404
160603,LORETO,PADRE MµRQUEZ,200,7717,43,19,193,-,95,189,172,168
160604,LORETO,PAMPA HERMOSA,89,10812,14,2,89,-,22,88,88,86
160605,LORETO,SARAYACU,111,16671,25,7,110,43,23,102,90,86
160606,LORETO,VARGAS GUERRA,194,8991,30,13,192,37,95,191,181,177
160701,LORETO,BARRANCA,111,13766,20,8,111,13,42,111,106,108
170101,MADRE DE DIOS,TAMBOPATA,9811,80389,3041,1404,9767,3024,3497,9730,9512,9511
170102,MADRE DE DIOS,INAMBARI,611,10348,200,84,609,140,236,594,596,593
170103,MADRE DE DIOS,LAS PIEDRAS,668,5897,159,42,665,186,146,649,634,637
170104,MADRE DE DIOS,LABERINTO,937,5153,266,109,934,311,305,921,906,903
170204,MADRE DE DIOS,HUEPETUHE,1061,6644,297,120,1059,255,392,1047,1041,1043
170302,MADRE DE DIOS,IBERIA,1504,9059,291,98,1499,352,475,1494,1479,1479
180101,MOQUEGUA,MOQUEGUA,6721,58021,2076,750,6649,2105,2116,6538,6361,6325
180102,MOQUEGUA,CARUMAS,192,5675,41,10,192,18,48,171,169,166
180104,MOQUEGUA,SAMEGUA,967,6506,261,109,958,285,358,946,893,883
180105,MOQUEGUA,SAN CRIST‡BAL,281,4103,53,17,279,17,77,220,231,229
180106,MOQUEGUA,TORATA,292,5800,72,13,290,62,67,268,278,275
180301,MOQUEGUA,ILO,4560,67636,1437,414,4514,1391,1218,4486,4241,4206
180303,PASCO,PACOCHA,310,3392,83,28,310,116,82,290,287,284
190101,PASCO,CHAUPIMARCA,3659,25824,1347,602,3630,305,1604,3633,3450,3437
190102,PASCO,HUACHON,338,4722,95,21,337,16,88,338,319,315
190103,PASCO,HUARIACA,396,8247,127,20,395,61,84,391,366,363
190104,PASCO,HUAYLLAY,480,11458,164,68,476,38,176,476,447,443
190105,PASCO,NINACACA,275,3348,74,42,271,11,152,269,256,251
190107,PASCO,PAUCARTAMBO,852,24619,196,77,841,84,354,824,742,724
190108,PASCO,SAN FRANCISCO DE AS÷S DE YARUSYAC,241,9683,72,20,241,32,80,240,233,230
190109,PASCO,SIMON BOLIVAR,1233,11627,404,118,1224,94,365,1220,1156,1151
190110,PASCO,TICLACAYAN,78,14027,13,5,77,13,17,78,74,74
190111,PASCO,TINYAHUARCO,457,6298,151,24,454,16,114,444,430,427
190112,PASCO,VICCO,199,2226,50,6,199,3,38,194,190,186
190113,PASCO,YANACANCHA,2407,30585,851,366,2389,275,983,2372,2283,2259
190201,PASCO,YANAHUANCA,444,12905,111,32,443,25,204,438,414,411
190202,PASCO,CHACAYAN,193,4355,32,14,188,21,87,178,161,153
190203,PASCO,GOYLLARISQUIZGA,31,4051,7,-,29,18,-,28,26,27
190206,PASCO,SANTA ANA DE TUSI,195,23345,54,15,190,14,70,193,180,174
190207,PASCO,TAPUC,288,4434,68,26,286,1,154,281,264,261
190301,PASCO,OXAPAMPA,517,14283,145,45,512,87,158,514,480,478
190306,PASCO,PUERTO BERMUDEZ,332,17617,106,27,328,41,103,329,301,282
190307,PASCO,VILLA RICA,796,20352,212,96,783,91,364,782,704,687
190308,PASCO,CONSTITUCION,37,11835,7,7,37,15,22,37,33,32
200101,PIURA,PIURA,4016,155241,1533,393,3983,877,1018,3991,3884,3843
200104,PIURA,CASTILLA,3178,144826,1085,432,3149,672,1297,3155,3063,3041
200105,PIURA,CATACAOS,1046,73393,299,129,1038,238,381,1039,987,988
200107,PIURA,CURA MORI,153,18832,24,10,151,33,53,148,142,140
200108,PIURA,EL TALLAN,59,5069,16,-,58,5,-,58,57,57
200109,PIURA,LA ARENA,591,37901,170,62,579,107,210,585,556,551
200110,PIURA,LA UNION,358,41019,97,5,350,56,59,351,323,317
200111,PIURA,LAS LOMAS,159,26927,23,2,158,75,22,157,154,147
200114,PIURA,TAMBO GRANDE,298,120760,60,10,298,104,31,298,285,278
200115,PIURA,VEINTISEIS DE OCTUBRE,904,149232,334,334,901,100,804,888,884,884
200201,PIURA,AYABACA,35,38506,14,-,35,5,-,35,33,32
200202,PIURA,FRIAS,120,24240,26,19,120,24,77,116,116,113
200301,PIURA,HUANCABAMBA,88,30564,23,8,86,23,20,87,84,83
200401,PIURA,CHULUCANAS,1127,76224,250,85,1116,303,377,1114,1068,1060
200402,PIURA,BUENOS AIRES,122,8036,13,8,121,27,53,122,114,114
200404,PIURA,LA MATANZA,120,12787,19,4,119,37,13,120,117,113
200405,PIURA,MORROP‡N,234,14116,33,15,233,125,58,228,215,212
200406,PIURA,SALITRAL,119,8408,17,5,116,30,25,114,104,102
200501,PIURA,PAITA,897,94566,302,133,891,146,369,890,873,865
200504,PIURA,COLAN,155,12481,33,11,152,29,45,154,147,143
200505,PIURA,LA HUACA,68,11763,16,-,68,6,-,66,64,63
200506,PIURA,TAMARINDO,51,4576,6,-,51,45,-,50,46,41
200507,PIURA,VICHAYAL,95,4813,23,8,95,18,35,95,91,89
200601,PIURA,SULLANA,2156,178173,691,236,2149,370,671,2147,2092,2072
200602,PIURA,BELLAVISTA,452,38201,143,33,447,100,111,451,434,424
200603,PIURA,IGNACIO ESCUDERO,228,20167,40,10,228,43,83,228,214,211
200605,PIURA,MARCAVELICA,412,29034,92,35,410,45,196,408,383,382
200606,PIURA,MIGUEL CHECA,144,8717,21,7,142,43,51,139,131,132
200607,PIURA,QUERECOTILLO,381,25386,81,23,380,51,151,376,358,344
200608,PIURA,SALITRAL,37,6723,14,-,37,9,-,37,35,35
200701,PIURA,PARI•AS,1103,90236,350,153,1093,121,491,1094,1059,1053
200702,PIURA,EL ALTO,47,7059,16,-,46,11,-,47,47,46
200703,PIURA,LA BREA,91,11827,32,-,89,11,-,90,88,86
200705,PIURA,LOS ORGANOS,46,9425,7,-,46,10,-,46,46,44
200706,PIURA,MANCORA,33,12917,9,-,33,18,-,33,30,28
200801,PIURA,SECHURA,568,43525,164,75,562,143,182,565,548,539
200802,PIURA,BELLAVISTA DE LA UNI‡N,64,4384,25,25,63,2,62,64,63,61
200803,PIURA,BERNAL,94,7349,12,2,92,29,23,94,84,84
200804,PIURA,CRISTO NOS VALGA,46,3957,8,8,46,5,41,45,43,43
200805,PIURA,VICE,281,14237,71,25,277,62,99,278,264,252
200806,PUNO,RINCONADA LLICUAR,70,3193,14,-,70,36,-,70,64,63
210101,PUNO,PUNO,4137,142863,1702,679,4127,349,1667,4094,3958,3947
210102,PUNO,ACORA,135,28139,42,20,135,3,59,134,122,120
210107,PUNO,COATA,80,8109,16,4,80,-,16,77,64,63
210109,PUNO,MA•AZO,44,5359,8,8,44,-,44,43,39,39
210201,PUNO,AZANGARO,316,28364,92,48,315,6,192,313,293,290
210204,PUNO,ASILLO,159,17502,54,37,159,2,103,159,151,149
210207,PUNO,JOSE DOMINGO CHOQUEHUANCA,94,5500,32,17,93,1,53,94,76,73
210208,PUNO,MU•ANI,35,8233,17,-,35,-,-,34,27,25
210209,PUNO,POTONI,38,6487,14,-,38,-,-,35,36,36
210211,PUNO,SAN ANT‡N,74,10034,22,14,74,3,51,74,66,65
210212,PUNO,SAN JOSê,28,5766,5,-,28,-,-,25,24,24
210301,PUNO,MACUSANI,107,13015,37,10,106,1,40,107,99,98
210304,PUNO,COASA,72,16167,24,5,72,-,44,65,57,56
210306,PUNO,CRUCERO,99,9306,38,14,99,1,43,96,93,85
210310,PUNO,USICAYOS,46,23937,11,11,46,-,46,46,43,43
210401,PUNO,JULI,190,21436,75,32,189,-,88,189,185,182
210402,PUNO,DESAGUADERO,330,31775,110,45,330,10,140,328,304,301
210405,PUNO,PISACOMA,98,13672,16,6,98,5,42,96,83,83
210407,PUNO,ZEPITA,93,18961,37,37,93,-,93,93,83,82
210501,PUNO,ILAVE,511,58210,169,64,510,14,226,501,477,476
210601,PUNO,HUANCANE,205,18398,74,24,204,11,57,205,189,186
210701,PUNO,LAMPA,128,10331,34,19,127,18,75,128,123,122
210708,PUNO,PUCARA,143,5240,49,24,142,6,83,137,125,124
210709,PUNO,SANTA LUCIA,32,7514,12,-,32,-,-,31,29,29
210801,PUNO,AYAVIRI,266,22367,104,39,263,10,88,262,249,247
210802,PUNO,ANTAUTA,70,4458,15,7,70,-,46,65,61,57
210805,PUNO,MACARI,31,8607,13,-,31,-,-,30,30,30
210806,PUNO,NU•OA,49,11006,12,-,49,4,-,49,44,44
210901,PUNO,MOHO,87,15779,30,14,87,5,35,85,84,83
211001,PUNO,PUTINA,150,26985,42,17,150,2,68,147,129,130
211002,PUNO,ANANEA,318,32842,123,71,318,27,151,312,298,293
211101,PUNO,JULIACA,4291,229681,1951,850,4281,113,1825,4246,4048,4035
211103,PUNO,CABANILLAS,61,5390,26,20,61,9,42,56,49,47
211201,PUNO,SANDIA,84,12271,38,16,84,-,38,83,74,72
211207,PUNO,SAN JUAN DEL ORO,123,13583,44,29,123,5,71,114,102,99
211301,PUNO,YUNGUYO,211,27089,54,27,211,11,93,210,195,196
220101,SAN MART÷N,MOYOBAMBA,6590,85125,1390,677,6510,2519,1851,6440,6234,6212
220102,SAN MART÷N,CALZADA,34,4340,6,6,34,10,24,34,31,33
220104,SAN MART÷N,JEPELACIO,250,21473,41,19,250,67,73,235,230,226
220105,SAN MART÷N,SORITOR,256,34627,50,11,252,51,48,245,230,228
220201,SAN MART÷N,BELLAVISTA,454,13435,91,48,452,97,170,442,431,429
220202,SAN MART÷N,ALTO BIAVO,82,7147,8,5,82,-,59,75,69,70
220205,SAN MART÷N,SAN PABLO,111,8966,7,3,110,1,36,103,101,99
220206,SAN MART÷N,SAN RAFAEL,64,7452,17,-,63,-,-,60,56,52
220301,SAN MART÷N,SAN JOSE DE SISA,188,11802,16,8,188,29,65,173,150,150
220303,SAN MART÷N,SAN MART÷N,56,13344,9,9,56,17,39,54,53,53
220401,SAN MART÷N,SAPOSOA,201,11317,27,17,200,41,99,198,190,189
220501,SAN MART÷N,LAMAS,409,12404,40,17,406,135,127,393,387,384
220502,SAN MART÷N,ALONSO DE ALVARADO,154,19253,19,7,152,82,23,144,138,137
220504,SAN MART÷N,CAYNARACHI,85,7920,11,1,85,4,23,73,81,81
220510,SAN MART÷N,TABALOSOS,310,13229,34,13,309,94,91,296,285,282
220601,SAN MART÷N,JUANJUI,450,26347,88,27,446,83,116,440,434,436
220603,SAN MART÷N,HUICUNGO,126,6515,30,11,126,2,60,126,122,121
220701,SAN MART÷N,PICOTA,134,8153,19,8,131,65,24,127,114,117
220707,SAN MART÷N,SAN HILARION,67,5572,12,5,67,15,13,67,65,65
220708,SAN MART÷N,SHAMBOYACU,17,11745,4,-,17,-,-,17,17,17
220709,SAN MART÷N,TINGO DE PONASA,62,4745,6,-,60,9,-,60,58,56
220710,SAN MART÷N,TRES UNIDOS,68,5180,8,-,68,4,-,68,67,66
220801,SAN MART÷N,RIOJA,514,23699,107,41,507,199,123,494,479,477
220802,SAN MART÷N,AWAJUN,100,11912,12,7,99,3,60,94,83,80
220803,SAN MART÷N,ELIAS SOPLIN VARGAS,90,13443,15,8,89,26,20,86,73,72
220804,SAN MART÷N,NUEVA CAJAMARCA,540,46153,103,40,537,111,161,517,468,468
220805,SAN MART÷N,PARDO MIGUEL,98,22817,21,-,97,52,-,86,88,86
220808,SAN MART÷N,YORONGOS,56,3641,7,-,55,-,-,53,47,47
220809,SAN MART÷N,YURACYACU,156,3889,18,13,154,60,57,152,149,151
220901,SAN MART÷N,TARAPOTO,4373,73875,986,412,4317,1081,1347,4289,4161,4155
220903,SAN MART÷N,CACATACHI,85,3376,20,5,84,12,15,84,84,82
220904,SAN MART÷N,CHAZUTA,198,8107,28,15,197,49,99,195,185,179
220907,SAN MART÷N,HUIMBAYOC,96,3332,4,3,96,-,26,96,88,84
220908,SAN MART÷N,JUAN GUERRA,155,3123,17,13,155,14,114,151,139,139
220909,SAN MART÷N,LA BANDA DE SHILCAYO,2111,42093,457,245,2084,422,853,2061,2020,2007
220910,SAN MART÷N,MORALES,1020,29886,216,93,1008,200,386,984,966,958
220913,SAN MART÷N,SAUCE,80,16223,12,3,79,6,18,79,77,77
221001,SAN MART÷N,TOCACHE,509,25175,110,56,507,84,190,503,471,466
221002,SAN MART÷N,NUEVO PROGRESO,89,12094,18,7,88,22,35,83,63,61
221003,SAN MART÷N,POLVORA,36,13974,6,-,36,2,-,34,34,33
221005,SAN MART÷N,UCHIZA,288,20133,51,18,285,60,74,281,276,279
230101,TACNA,TACNA,3374,80070,1344,470,3347,1440,775,3345,3268,3246
230102,TACNA,ALTO DE LA ALIANZA,902,39688,394,165,893,275,266,896,866,856
230104,TACNA,CIUDAD NUEVA,1067,38146,468,202,1060,336,314,1060,1007,993
230108,TACNA,POCOLLAY,478,21675,192,64,476,143,123,476,462,460
230110,TACNA,CORONEL GREGORIO ALBARRACIN LANCHIPA,4224,119402,1785,776,4185,1087,1441,4200,4066,4036
230302,TACNA,ILABAYA,1714,2891,504,173,1687,371,512,1605,1676,1661
230401,TACNA,TARATA,1142,3221,395,137,1132,383,207,1124,1070,1061
240101,TUMBES,TUMBES,7430,113022,2214,820,7379,3180,2159,7329,7104,7045
240102,TUMBES,CORRALES,1049,24085,257,51,1038,297,231,1032,954,960
240103,TUMBES,LA CRUZ,509,9259,96,38,503,199,160,500,459,457
240104,TUMBES,PAMPAS DE HOSPITAL,242,7106,49,10,239,106,38,235,222,217
240105,TUMBES,SAN JACINTO,273,8576,44,7,270,111,57,266,248,249
240106,TUMBES,SAN JUAN DE LA VIRGEN,224,4102,31,11,224,115,55,216,205,209
240201,TUMBES,ZORRITOS,434,12484,65,12,429,156,104,433,382,390
240203,TUMBES,CANOAS DE PUNTA SAL,96,5558,20,4,96,47,13,94,90,86
240301,TUMBES,ZARUMILLA,1299,22585,320,117,1288,663,320,1278,1229,1216
240302,TUMBES,AGUAS VERDES,1087,24006,306,93,1080,610,247,1070,1006,1007
240304,TUMBES,PAPAYAL,395,5272,48,20,390,163,109,393,368,364
250101,UCAYALI,CALLERIA,5094,155773,1528,538,5050,1284,1586,4982,4863,4847
250102,UCAYALI,CAMPOVERDE,470,15937,98,43,467,114,183,463,440,437
250104,UCAYALI,MASISEA,280,12876,44,14,275,75,116,269,276,274
250105,UCAYALI,YARINACOCHA,2622,98799,759,306,2598,545,1036,2576,2488,2486
250107,UCAYALI,MANANTAY,3146,81150,906,402,3110,707,1239,3087,2995,2983
250201,UCAYALI,RAYMONDI,1059,34213,276,86,1043,222,370,1032,994,991
250202,UCAYALI,SEPAHUA,305,8939,69,23,302,90,93,290,273,267
250301,UCAYALI,PADRE ABAD,1028,26132,315,98,1019,165,318,1008,964,959
250302,UCAYALI,IRAZOLA,716,10527,189,50,716,210,203,692,671,662
250303,UCAYALI,CURIMANA,37,8697,11,11,37,10,27,34,35,34
